feature,importance_mean,importance_std
vinyl_1_2_pct,12.633445866013064,2.835319475366599
cis_1_4_pct,5.748766079598508,1.2991310592594172
trans_1_4_pct,1.7331101416122,0.4242071631512529
PDI,0.5742223272642447,0.23875860085632683
Mw,0.3599907228446904,0.19452618652372963
Mn,0.13652679466230733,0.05375105353267127
