Model,R2_MEAN,R2_STD,MAE_MEAN,MAE_STD,RMSE_MEAN,RMSE_STD
Ridge,0.476904918,1.713803168,6.214411891,3.5888024,7.76343072,4.772271645
RandomForest,0.151135281,2.334050285,9.254520833,5.101892443,11.21243983,5.994302753
SVR,-0.341774484,1.940609824,16.07096546,9.359797519,20.20736333,11.9055302
LinearRegression,-5.990354134,24.37435626,19.27240095,40.05630017,29.00695828,66.33214285
