{
  "r2_mean": -0.18240728194584116,
  "r2_std": 3.5073863477440437,
  "mae_mean": 9.996467333397387,
  "mae_std": 5.220294175669094,
  "rmse_mean": 11.927240628072612,
  "rmse_std": 5.839157483948893,
  "n_outer_folds": 25
}