{
  "r2_mean": 0.1765194422024413,
  "r2_std": 2.0210923924664423,
  "mae_mean": 10.028530274801602,
  "mae_std": 5.514125268673343,
  "rmse_mean": 12.233090183076138,
  "rmse_std": 6.535742104400468,
  "used_features": [
    "cis_1_4_pct",
    "trans_1_4_pct",
    "vinyl_1_2_pct",
    "Mn",
    "Mw",
    "PDI"
  ]
}