model,r2_mean,r2_std,mae_mean,mae_std,rmse_mean,rmse_std
Ridge,0.4769049180733094,1.7138031679137653,6.214411891223444,3.5888023999708656,7.763430719934555,4.77227164455925
RandomForest,0.1511352808950583,2.334050285155193,9.254520833333356,5.101892443285343,11.212439832684554,5.994302753066518
SVR,-0.3417744836904265,1.9406098243313779,16.070965456452473,9.359797519263106,20.20736333319107,11.905530195967247
LinearRegression,-5.9903541337373944,24.37435625531252,19.272400945036726,40.05630016868543,29.00695828276582,66.33214285231851
